cluster,daily_usage_hours,usage_frequency,trust_in_social_media,influencer_influence,decision_influence_level,self_reported_travel_interest,feels_addicted,follows_travel_content,engages_with_travel_posts,saves_travel_content,plans_trips_via_social_media,primary_platform_Instagram,primary_platform_TikTok,primary_platform_YouTube,content_consumption_style_Passive,visual_content_preference_Low,visual_content_preference_Medium
0,0.026261272029233694,0.0,-0.02150545566361463,0.0,-0.02108618544373964,0.00811487809012918,-0.006965343226831783,0.0018835275377126275,0.0,0.0030291503428180296,0.001186448991187602,-0.5756567047515987,1.74601918544769,-0.5861264964013223,-0.030253911951594534,-0.008908195607425697,0.0031481950174617047
1,-0.02265277844125224,0.0,-0.016947239225819373,0.0,0.027709879846984527,0.00331461893151277,-0.022814646535466807,0.004720269729228989,0.0,0.003292193233935018,-0.00702579713714276,-0.5756567047515987,-0.5727313928360951,0.5767941949897827,0.00844917600325779,0.3399881944289346,-0.7167812467811979
2,0.00014330387057613517,0.0,0.035968657377536704,0.0,-0.00557819940809715,-0.008985776555264353,0.02889789592940787,-0.010497934127099873,0.0,-0.014265410362068923,-0.007919870806740047,1.737146448127464,-0.5727313928360951,-0.5861264964013223,0.020129899725748794,0.031083017888233127,0.007834504778041184
3,0.0061874046425409585,0.0,0.011924091877712898,0.0,-0.015705012930317678,-0.005158375809548074,0.012689574894019293,0.0033552316368604556,0.0,0.010022852216363336,0.023715706277509546,-0.5756567047515987,-0.5727313928360951,0.5761945240302202,-0.0021329524592710344,-0.7019687410773848,1.3951257855735397
